
INSERT INTO ACCIDENT (accident_key, a_date, a_description, a_location) VALUES (100, '01/JULY/2020', 'FELL COMING DOWN STAIRS', 'CELBRIDGE');
INSERT INTO ACCIDENT (accident_key, a_date, a_description, a_location) VALUES (101, '01/JULY/2020', 'BANGED ELBOW WHEN BUS TURNED', 'NAAS');
INSERT INTO ACCIDENT (accident_key, a_date, a_description, a_location) VALUES (102, '19/SEPTEMBER/2020', 'BUS CRASHED INTO CAR', 'LUCAN');
INSERT INTO ACCIDENT (accident_key, a_date, a_description, a_location) VALUES (103, '24/JANUARY/2021', 'BUS HIT LAMP POST', 'COOLOCK');

INSERT INTO PAYMENTS (PAYMENT_NO, P_DATE, P_AMOUNT, P_REASON, CHEQUENO) VALUES (1, '24/NOVEMBER/2021', 5000, 'COMPENSATION', 11123);
INSERT INTO PAYMENTS (PAYMENT_NO, P_DATE, P_AMOUNT, P_REASON, CHEQUENO) VALUES (2, '24/NOVEMBER/2021', 1200, 'INJURY', 78541);
INSERT INTO PAYMENTS (PAYMENT_NO, P_DATE, P_AMOUNT, P_REASON, CHEQUENO) VALUES (3, '12/JANUARY/2021', 5000, 'COMPENSATION', 54751);
INSERT INTO PAYMENTS (PAYMENT_NO, P_DATE, P_AMOUNT, P_REASON, CHEQUENO) VALUES (4, '10/JUNE/2021', 800, 'REPAIRS', 27469);
INSERT INTO PAYMENTS (PAYMENT_NO, P_DATE, P_AMOUNT, P_REASON, CHEQUENO) VALUES (0, '10/DECEMBER/2021', 0, 'VOID', 28421);

INSERT INTO CLAIM VALUES (1, 'S', 'MEDICAL', '01/JULY/2020',1);
INSERT INTO CLAIM VALUES (2, 'R', 'MEDICAL', '01/JULY/2020',2);
INSERT INTO CLAIM VALUES (3, 'C', 'CAR DAMAGE - WHIPLASH','21/JULY2020',4);
INSERT INTO CLAIM VALUES (4, 'X', 'EMOTIONAL DISTRESS', '01/JUNE/2021',0);

INSERT INTO CLAIMANT VALUES (1, 'MARY MARTIN','CELBRIDGE', '06/OCTOBER/1995');
INSERT INTO CLAIMANT VALUES (2, 'HARRY MARTIN','STRAFFAN', '06/MARCH/1995');
INSERT INTO CLAIMANT VALUES (3, 'ALEX HANLEY','NAAS', '17/APRIL/1960');
INSERT INTO CLAIMANT VALUES (4, 'LAURA BURKE','CELBRIDGE', '31/DECEMBER/1994');

INSERT INTO EXPERTS (EXP_ID,E_NAME,E_ADDR,E_EXPERTISE) VALUES (1, 'SUSAN', 'MATER HOSPITAL', 'MEDICAL');
INSERT INTO EXPERTS (EXP_ID,E_NAME,E_ADDR,E_EXPERTISE) VALUES (3, 'ANDREW', 'MENTAL HEALTH SERVICES', 'OTHER');
INSERT INTO EXPERTS (EXP_ID,E_NAME,E_ADDR,E_EXPERTISE) VALUES (2, 'MICHAEL', 'PAULS GARAGE', 'MECHANIC');

INSERT INTO STAFF (STAFF_NO, STAFF_NAME, STAFF_ROLE) VALUES (1, 'PAUL', 'DRIVER');
INSERT INTO STAFF (STAFF_NO, STAFF_NAME, STAFF_ROLE) VALUES (2, 'JOHN', 'DRIVER');
INSERT INTO STAFF (STAFF_NO, STAFF_NAME, STAFF_ROLE) VALUES (3, 'GERRY', 'INSPECTOR');

INSERT INTO EXP_REP (REP_ID, DATE_REQUESTED, DATE_SUBMITTED, REPORT_CONTENT) VALUES (1, '08/AUGUST/2020', '21/AUGUST/2020', 'HEAD INJURY');
INSERT INTO EXP_REP (REP_ID, DATE_REQUESTED, DATE_SUBMITTED, REPORT_CONTENT) VALUES (2, '29/SEPTEMBER/2020', '04/OCTOBER/2020', 'BRUSING AND UPSET');
INSERT INTO EXP_REP (REP_ID, DATE_REQUESTED, DATE_SUBMITTED, REPORT_CONTENT) VALUES (3, '08/SEPTEMBER/2020', '01/OCTOBER/2020', 'NERVOUS ABOUT TAKING BUS');
INSERT INTO EXP_REP (REP_ID, DATE_REQUESTED, DATE_SUBMITTED, REPORT_CONTENT) VALUES (4, '07/AUGUST/2020', '12/NOVEMBER/2020', 'DAMAGE TO REAR OF CAR');
INSERT INTO EXP_REP (REP_ID, DATE_REQUESTED, DATE_SUBMITTED, REPORT_CONTENT) VALUES (5, '02/JUNE/2020', '10/JUNE/2020', 'NOT A VALID CLAIM');

INSERT INTO ACCIDENTTOCLAIMANT (ACCIDENT_ACCIDENT_KEY, CLAIMANT_CLAIMANT_ID) VALUES (100,1);
INSERT INTO ACCIDENTTOCLAIMANT (ACCIDENT_ACCIDENT_KEY, CLAIMANT_CLAIMANT_ID) VALUES (101,2);
INSERT INTO ACCIDENTTOCLAIMANT (ACCIDENT_ACCIDENT_KEY, CLAIMANT_CLAIMANT_ID) VALUES (102,3);
INSERT INTO ACCIDENTTOCLAIMANT (ACCIDENT_ACCIDENT_KEY, CLAIMANT_CLAIMANT_ID) VALUES (103,4);

INSERT INTO CLAIMANTTOCLAIM (CLAIMANT_CLAIMANT_ID, CLAIM_CL_KEY) VALUES (1,1);
INSERT INTO CLAIMANTTOCLAIM (CLAIMANT_CLAIMANT_ID, CLAIM_CL_KEY) VALUES (2,2);
INSERT INTO CLAIMANTTOCLAIM (CLAIMANT_CLAIMANT_ID, CLAIM_CL_KEY) VALUES (3,3);
INSERT INTO CLAIMANTTOCLAIM (CLAIMANT_CLAIMANT_ID, CLAIM_CL_KEY) VALUES (4,4);

INSERT INTO EXPTOREP (EXP_REP_REP_ID, EXPERTS_EXP_ID) VALUES (1,1);
INSERT INTO EXPTOREP (EXP_REP_REP_ID, EXPERTS_EXP_ID) VALUES (2,1);
INSERT INTO EXPTOREP (EXP_REP_REP_ID, EXPERTS_EXP_ID) VALUES (1,3);
INSERT INTO EXPTOREP (EXP_REP_REP_ID, EXPERTS_EXP_ID) VALUES (3,2);
INSERT INTO EXPTOREP (EXP_REP_REP_ID, EXPERTS_EXP_ID) VALUES (4,3);

INSERT INTO STAFFTOCLAIM (STAFF_STAFF_NO,CLAIM_CL_KEY) VALUES (1,1);
INSERT INTO STAFFTOCLAIM (STAFF_STAFF_NO,CLAIM_CL_KEY) VALUES (2,2);
INSERT INTO STAFFTOCLAIM (STAFF_STAFF_NO,CLAIM_CL_KEY) VALUES (3,3);
INSERT INTO STAFFTOCLAIM (STAFF_STAFF_NO,CLAIM_CL_KEY) VALUES (3,4);

INSERT INTO EXPTOCLAIMS (EXPERTS_EXP_ID, CLAIM_CL_KEY) VALUES(1, 1);
INSERT INTO EXPTOCLAIMS (EXPERTS_EXP_ID, CLAIM_CL_KEY) VALUES(1, 2);
INSERT INTO EXPTOCLAIMS (EXPERTS_EXP_ID, CLAIM_CL_KEY) VALUES(3, 1);
INSERT INTO EXPTOCLAIMS (EXPERTS_EXP_ID, CLAIM_CL_KEY) VALUES(2, 3);
INSERT INTO EXPTOCLAIMS (EXPERTS_EXP_ID, CLAIM_CL_KEY) VALUES(3, 4);